{"accuracy": [0.6092436909675598, 0.6976540684700012, 0.7275910377502441, 0.7573529481887817, 0.7613795399665833, 0.7741596698760986, 0.7815126180648804, 0.7958683371543884, 0.8044467568397522, 0.8105742335319519, 0.8146008253097534, 0.8212534785270691, 0.8273809552192688, 0.8361344337463379, 0.8310574293136597, 0.8480392098426819, 0.8464635610580444], "loss": [1.0452090501785278, 0.7864174842834473, 0.7144190073013306, 0.6447461247444153, 0.6335797905921936, 0.5912498831748962, 0.5790723562240601, 0.5415259003639221, 0.5318559408187866, 0.5117461681365967, 0.4944635331630707, 0.4778493642807007, 0.4715799391269684, 0.4580538868904114, 0.45585376024246216, 0.42725640535354614, 0.4318751096725464], "val_accuracy": [0.4035087823867798, 0.7841342687606812, 0.8009153604507446, 0.8260869383811951, 0.8291380405426025, 0.8375285863876343, 0.8512585759162903, 0.8642258048057556, 0.845919132232666, 0.8604118824005127, 0.8802440762519836, 0.8817696571350098, 0.8863462805747986, 0.8909229636192322, 0.8939740657806396, 0.8787185549736023, 0.8764302134513855], "val_loss": [1.6475861072540283, 0.548809826374054, 0.5250473022460938, 0.4641396701335907, 0.4543204605579376, 0.4120873510837555, 0.4004199504852295, 0.3764069378376007, 0.3815186023712158, 0.37430697679519653, 0.33665111660957336, 0.3313586115837097, 0.29967010021209717, 0.29488182067871094, 0.2829194962978363, 0.3013445734977722, 0.2856546938419342]}